{"cameraMode":{"drawMode":0,"name":"Shaded","section":"Shading Mode"},"sceneLighting":false,"audioPlay":false,"sceneViewState":{"m_AlwaysRefresh":false,"showFog":true,"showSkybox":false,"showFlares":true,"showImageEffects":true,"showParticleSystems":true,"showVisualEffectGraphs":true,"m_FxEnabled":true},"in2DMode":false,"pivot":{"x":8.448092460632325,"y":3.4411044120788576,"z":-4.8017072677612309},"rotation":{"x":0.044803280383348468,"y":-0.2676134407520294,"z":0.01239414606243372,"w":0.9624708890914917},"size":29.79396629333496,"orthographic":false}