{"cameraMode":{"drawMode":0,"name":"Shaded","section":"Shading Mode"},"sceneLighting":false,"audioPlay":false,"sceneViewState":{"m_AlwaysRefresh":false,"showFog":true,"showSkybox":false,"showFlares":true,"showImageEffects":true,"showParticleSystems":true,"showVisualEffectGraphs":true,"m_FxEnabled":true},"in2DMode":false,"pivot":{"x":-12.413229942321778,"y":19.077747344970704,"z":-65.24404907226563},"rotation":{"x":0.029807575047016145,"y":-0.9917472004890442,"z":0.1365281492471695,"w":-0.012315811589360237},"size":2.291287899017334,"orthographic":false}