{"cameraMode":{"drawMode":0,"name":"Shaded","section":"Shading Mode"},"sceneLighting":false,"audioPlay":false,"sceneViewState":{"m_AlwaysRefresh":false,"showFog":true,"showSkybox":false,"showFlares":true,"showImageEffects":true,"showParticleSystems":true,"showVisualEffectGraphs":true,"m_FxEnabled":true},"in2DMode":false,"pivot":{"x":-0.00016008650709409267,"y":4.089159965515137,"z":1.2862958908081055},"rotation":{"x":-0.017629830166697503,"y":0.9941562414169312,"z":-0.09804000705480576,"w":-0.057003263384103778},"size":2.2448668479919435,"orthographic":false}