{"cameraMode":{"drawMode":0,"name":"Shaded","section":"Shading Mode"},"sceneLighting":false,"audioPlay":false,"sceneViewState":{"m_AlwaysRefresh":false,"showFog":true,"showSkybox":false,"showFlares":true,"showImageEffects":true,"showParticleSystems":true,"showVisualEffectGraphs":true,"m_FxEnabled":true},"in2DMode":false,"pivot":{"x":-0.7348374128341675,"y":0.7644557952880859,"z":-0.2036001980304718},"rotation":{"x":0.0010445567313581706,"y":-0.7292962074279785,"z":0.0010762886377051473,"w":0.6842855215072632},"size":1.1432489156723023,"orthographic":false}