{"cameraMode":{"drawMode":0,"name":"Shaded","section":"Shading Mode"},"sceneLighting":false,"audioPlay":false,"sceneViewState":{"m_AlwaysRefresh":false,"showFog":true,"showSkybox":false,"showFlares":true,"showImageEffects":true,"showParticleSystems":true,"showVisualEffectGraphs":true,"m_FxEnabled":true},"in2DMode":false,"pivot":{"x":-1.9236695766448975,"y":-4.658377170562744,"z":-11.864992141723633},"rotation":{"x":-0.016807174310088159,"y":0.9839157462120056,"z":-0.18022142350673676,"w":-0.025897568091750146},"size":12.5035982131958,"orthographic":false}