{"cameraMode":{"drawMode":0,"name":"Shaded","section":"Shading Mode"},"sceneLighting":false,"audioPlay":false,"sceneViewState":{"m_AlwaysRefresh":false,"showFog":true,"showSkybox":false,"showFlares":true,"showImageEffects":true,"showParticleSystems":true,"showVisualEffectGraphs":true,"m_FxEnabled":true},"in2DMode":false,"pivot":{"x":0.23891879618167878,"y":2.167351484298706,"z":-1.2217774391174317},"rotation":{"x":-0.29080265760421755,"y":0.2804276943206787,"z":-0.08919773995876312,"w":-0.9106638431549072},"size":1.2042391300201417,"orthographic":false}