{"cameraMode":{"drawMode":0,"name":"Shaded","section":"Shading Mode"},"sceneLighting":false,"audioPlay":false,"sceneViewState":{"m_AlwaysRefresh":false,"showFog":true,"showSkybox":false,"showFlares":true,"showImageEffects":true,"showParticleSystems":true,"showVisualEffectGraphs":true,"m_FxEnabled":true},"in2DMode":false,"pivot":{"x":0.8257132768630981,"y":0.8978392481803894,"z":-0.43430808186531069},"rotation":{"x":0.2363014668226242,"y":-0.29300999641418459,"z":0.07496437430381775,"w":0.9234951138496399},"size":1.1432489156723023,"orthographic":false}