{"cameraMode":{"drawMode":0,"name":"Shaded","section":"Shading Mode"},"sceneLighting":false,"audioPlay":false,"sceneViewState":{"m_AlwaysRefresh":false,"showFog":false,"showSkybox":false,"showFlares":false,"showImageEffects":false,"showParticleSystems":false,"showVisualEffectGraphs":true,"m_FxEnabled":true},"in2DMode":false,"pivot":{"x":0.22383247315883637,"y":0.7691359519958496,"z":0.38352707028388979},"rotation":{"x":-0.011934872716665268,"y":0.9579082727432251,"z":-0.28470152616500857,"w":-0.03998887538909912},"size":1.1743413209915162,"orthographic":false}