{"cameraMode":{"drawMode":0,"name":"Shaded","section":"Shading Mode"},"sceneLighting":false,"audioPlay":false,"sceneViewState":{"m_AlwaysRefresh":false,"showFog":true,"showSkybox":false,"showFlares":true,"showImageEffects":true,"showParticleSystems":true,"showVisualEffectGraphs":true,"m_FxEnabled":true},"in2DMode":false,"pivot":{"x":-0.5826957821846008,"y":0.2390926331281662,"z":0.7297776937484741},"rotation":{"x":-0.07432840764522553,"y":-0.9253188371658325,"z":0.24802549183368684,"w":-0.27715250849723818},"size":0.08458425104618073,"orthographic":false}