{"cameraMode":{"drawMode":0,"name":"Shaded","section":"Shading Mode"},"sceneLighting":false,"audioPlay":false,"sceneViewState":{"m_AlwaysRefresh":false,"showFog":true,"showSkybox":false,"showFlares":true,"showImageEffects":true,"showParticleSystems":true,"showVisualEffectGraphs":true,"m_FxEnabled":true},"in2DMode":false,"pivot":{"x":2.384185791015625e-7,"y":1.2499288320541382,"z":0.26191574335098269},"rotation":{"x":0.14688362181186677,"y":0.8466011881828308,"z":-0.30162954330444338,"w":0.414070725440979},"size":1.7905279397964478,"orthographic":false}