{"cameraMode":{"drawMode":0,"name":"Shaded","section":"Shading Mode"},"sceneLighting":false,"audioPlay":false,"sceneViewState":{"m_AlwaysRefresh":false,"showFog":false,"showSkybox":false,"showFlares":false,"showImageEffects":false,"showParticleSystems":false,"showVisualEffectGraphs":true,"m_FxEnabled":true},"in2DMode":false,"pivot":{"x":0.05876636505126953,"y":0.8049095273017883,"z":0.6154210567474365},"rotation":{"x":0.23364628851413728,"y":-0.14376726746559144,"z":0.03495464846491814,"w":0.961002767086029},"size":1.3287928104400635,"orthographic":false}