{"cameraMode":{"drawMode":0,"name":"Shaded","section":"Shading Mode"},"sceneLighting":false,"audioPlay":false,"sceneViewState":{"m_AlwaysRefresh":false,"showFog":false,"showSkybox":false,"showFlares":false,"showImageEffects":false,"showParticleSystems":false,"showVisualEffectGraphs":true,"m_FxEnabled":true},"in2DMode":false,"pivot":{"x":0.35653191804885867,"y":0.5449537038803101,"z":-1.658768892288208},"rotation":{"x":-0.011566721834242344,"y":-0.9881596565246582,"z":0.12096649408340454,"w":-0.09450770914554596},"size":1.6397755146026612,"orthographic":false}