{"cameraMode":{"drawMode":0,"name":"Shaded","section":"Shading Mode"},"sceneLighting":false,"audioPlay":false,"sceneViewState":{"m_AlwaysRefresh":false,"showFog":false,"showSkybox":false,"showFlares":false,"showImageEffects":false,"showParticleSystems":false,"showVisualEffectGraphs":true,"m_FxEnabled":true},"in2DMode":false,"pivot":{"x":-0.5274657607078552,"y":1.1463451385498047,"z":0.20335617661476136},"rotation":{"x":0.017380844801664354,"y":0.9723720550537109,"z":-0.07687630504369736,"w":0.21978497505187989},"size":1.3778281211853028,"orthographic":false}